Date,SP500,IWM,TLT,XLU,XLRE,SMH,XLK,ARKG,ARKK,ARKQ,CLOU,WCLD,PRNT,HERO,GAMR,XLC,XLF,XLY,XLP,XLV,XBI,XHB,XLI,JETS,XRT,MSOS,CGC,TAN,XLE,XOP,KRBN,XME,XLB,FCX,REMX,WOOD,PSLV,GDX,GLD,CORN,WEAT,SOYB,NIB,EEM,CHIQ,ERUS,INDA,EWY,EWJ,GBTC,ETHE,LTCN,BITW,MSTR,RIOT,MARA
2019-09-09,,,,,,,,,,,,,,,,,,,,,,,,,,,,,,,,,,,,,,,,,,,,,,,,,,,,,,,,
2019-09-16,,,,,,,,,,,,,,,,,,,,,,,,,,,,,,,,,,,,,,,,,,,,,,,,,,,,,,,,
2019-09-23,,,,,,,,,,,,,,,,,,,,,,,,,,,,,,,,,,,,,,,,,,,,,,,,,,,,,,,,
2019-09-30,,,,,,,,,,,,,,,,,,,,,,,,,,,,,,,,,,,,,,,,,,,,,,,,,,,,,,,,
2019-10-07,,,,,,,,,,,,,,,,,,,,,,,,,,,,,,,,,,,,,,,,,,,,,,,,,,,,,,,,
2019-10-14,,,,,,,,,,,,,,,,,,,,,,,,,,,,,,,,,,,,,,,,,,,,,,,,,,,,,,,,
2019-10-21,,,,,,,,,,,,,,,,,,,,,,,,,,,,,,,,,,,,,,,,,,,,,,,,,,,,,,,,
2019-10-28,,,,,,,,,,,,,,,,,,,,,,,,,,,,,,,,,,,,,,,,,,,,,,,,,,,,,,,,
2019-11-04,,,,,,,,,,,,,,,,,,,,,,,,,,,,,,,,,,,,,,,,,,,,,,,,,,,,,,,,
2019-11-11,,,,,,,,,,,,,,,,,,,,,,,,,,,,,,,,,,,,,,,,,,,,,,,,,,,,,,,,
2019-11-18,,,,,,,,,,,,,,,,,,,,,,,,,,,,,,,,,,,,,,,,,,,,,,,,,,,,,,,,
2019-11-25,,,,,,,,,,,,,,,,,,,,,,,,,,,,,,,,,,,,,,,,,,,,,,,,,,,,,,,,
2019-12-02,,,,,,,,,,,,,,,,,,,,,,,,,,,,,,,,,,,,,,,,,,,,,,,,,,,,,,,,
2019-12-09,,,,,,,,,,,,,,,,,,,,,,,,,,,,,,,,,,,,,,,,,,,,,,,,,,,,,,,,
2019-12-16,,,,,,,,,,,,,,,,,,,,,,,,,,,,,,,,,,,,,,,,,,,,,,,,,,,,,,,,
2019-12-23,,,,,,,,,,,,,,,,,,,,,,,,,,,,,,,,,,,,,,,,,,,,,,,,,,,,,,,,
2019-12-30,,,,,,,,,,,,,,,,,,,,,,,,,,,,,,,,,,,,,,,,,,,,,,,,,,,,,,,,
2020-01-06,,,,,,,,,,,,,,,,,,,,,,,,,,,,,,,,,,,,,,,,,,,,,,,,,,,,,,,,
2020-01-13,,,,,,,,,,,,,,,,,,,,,,,,,,,,,,,,,,,,,,,,,,,,,,,,,,,,,,,,
2020-01-20,,,,,,,,,,,,,,,,,,,,,,,,,,,,,,,,,,,,,,,,,,,,,,,,,,,,,,,,
2020-01-27,,,,,,,,,,,,,,,,,,,,,,,,,,,,,,,,,,,,,,,,,,,,,,,,,,,,,,,,
2020-02-03,,,,,,,,,,,,,,,,,,,,,,,,,,,,,,,,,,,,,,,,,,,,,,,,,,,,,,,,
2020-02-10,,,,,,,,,,,,,,,,,,,,,,,,,,,,,,,,,,,,,,,,,,,,,,,,,,,,,,,,
2020-02-17,,,,,,,,,,,,,,,,,,,,,,,,,,,,,,,,,,,,,,,,,,,,,,,,,,,,,,,,
2020-02-24,,,,,,,,,,,,,,,,,,,,,,,,,,,,,,,,,,,,,,,,,,,,,,,,,,,,,,,,
2020-03-02,,,,,,,,,,,,,,,,,,,,,,,,,,,,,,,,,,,,,,,,,,,,,,,,,,,,,,,,
2020-03-09,,,,,,,,,,,,,,,,,,,,,,,,,,,,,,,,,,,,,,,,,,,,,,,,,,,,,,,,
2020-03-16,,,,,,,,,,,,,,,,,,,,,,,,,,,,,,,,,,,,,,,,,,,,,,,,,,,,,,,,
2020-03-23,,,,,,,,,,,,,,,,,,,,,,,,,,,,,,,,,,,,,,,,,,,,,,,,,,,,,,,,
2020-03-30,,,,,,,,,,,,,,,,,,,,,,,,,,,,,,,,,,,,,,,,,,,,,,,,,,,,,,,,
2020-04-06,,,,,,,,,,,,,,,,,,,,,,,,,,,,,,,,,,,,,,,,,,,,,,,,,,,,,,,,
2020-04-13,,,,,,,,,,,,,,,,,,,,,,,,,,,,,,,,,,,,,,,,,,,,,,,,,,,,,,,,
2020-04-20,,,,,,,,,,,,,,,,,,,,,,,,,,,,,,,,,,,,,,,,,,,,,,,,,,,,,,,,
2020-04-27,,,,,,,,,,,,,,,,,,,,,,,,,,,,,,,,,,,,,,,,,,,,,,,,,,,,,,,,
2020-05-04,,,,,,,,,,,,,,,,,,,,,,,,,,,,,,,,,,,,,,,,,,,,,,,,,,,,,,,,
2020-05-11,,,,,,,,,,,,,,,,,,,,,,,,,,,,,,,,,,,,,,,,,,,,,,,,,,,,,,,,
2020-05-18,,,,,,,,,,,,,,,,,,,,,,,,,,,,,,,,,,,,,,,,,,,,,,,,,,,,,,,,
2020-05-25,,,,,,,,,,,,,,,,,,,,,,,,,,,,,,,,,,,,,,,,,,,,,,,,,,,,,,,,
2020-06-01,,,,,,,,,,,,,,,,,,,,,,,,,,,,,,,,,,,,,,,,,,,,,,,,,,,,,,,,
2020-06-08,,,,,,,,,,,,,,,,,,,,,,,,,,,,,,,,,,,,,,,,,,,,,,,,,,,,,,,,
2020-06-15,,,,,,,,,,,,,,,,,,,,,,,,,,,,,,,,,,,,,,,,,,,,,,,,,,,,,,,,
2020-06-22,,,,,,,,,,,,,,,,,,,,,,,,,,,,,,,,,,,,,,,,,,,,,,,,,,,,,,,,
2020-06-29,,,,,,,,,,,,,,,,,,,,,,,,,,,,,,,,,,,,,,,,,,,,,,,,,,,,,,,,
2020-07-06,,,,,,,,,,,,,,,,,,,,,,,,,,,,,,,,,,,,,,,,,,,,,,,,,,,,,,,,
2020-07-13,,,,,,,,,,,,,,,,,,,,,,,,,,,,,,,,,,,,,,,,,,,,,,,,,,,,,,,,
2020-07-20,,,,,,,,,,,,,,,,,,,,,,,,,,,,,,,,,,,,,,,,,,,,,,,,,,,,,,,,
2020-07-27,,,,,,,,,,,,,,,,,,,,,,,,,,,,,,,,,,,,,,,,,,,,,,,,,,,,,,,,
2020-08-03,,,,,,,,,,,,,,,,,,,,,,,,,,,,,,,,,,,,,,,,,,,,,,,,,,,,,,,,
2020-08-10,,,,,,,,,,,,,,,,,,,,,,,,,,,,,,,,,,,,,,,,,,,,,,,,,,,,,,,,
2020-08-17,-11.836347882097463,-16.613303354864303,-14.033297863686634,-23.589565416350915,-22.498594891155587,-1.1020116776057451,1.4552227007663756,30.716356515192317,29.441422981152115,13.19205026811411,4.0510812874676905,13.50316719500361,-11.569443260202553,,10.038611720744555,-7.899908288912104,-26.977060275887645,-4.685234967198193,-15.924782109213492,-13.628589918661097,-5.098357849759157,-0.6631525108553961,-17.741828900451146,-43.763089534812515,-1.3067561097921245,,-31.41931014857394,26.65152883498226,-39.83537354858433,-39.274729320397064,,-18.64752279742792,-13.064154781477141,7.6809033637853075,-9.677139355135024,-12.029360519878383,14.638310130533702,6.754496270081509,-5.832057757463622,-29.37506230645684,-22.4970983648999,-22.35451260727836,-20.512284331002075,-14.243698087637219,9.201557900300152,-24.785967414510317,-16.330620012511922,-12.518819046484994,-18.226363929512477,7.097617041036296,-24.848810710033796,,,-14.867893426635383,74.46751174000717,84.21499202024766
2020-08-24,-11.595119488113552,-17.45596768897693,-19.11935292463374,-25.962407577036267,-23.044506150139394,-1.7143738980988084,2.3482194616994767,21.48146899613167,27.735398874358147,15.010781849720184,7.795659440114952,16.519251109123083,-9.8475338169165,,7.880885197015977,-6.533473469302635,-25.658207419118394,-4.757629173188084,-16.369373745041255,-15.23685481195308,-10.277126484883004,-4.116642031236077,-17.409606743976838,-39.168641945347474,-3.095926580580125,,-28.70527510895621,31.923899164214927,-40.16340961420878,-38.69890455433901,,-17.61493186908898,-12.601670467124649,13.460148353221662,-11.408768702992633,-12.29764744947029,16.253537747026822,5.74696241321882,-7.593029476208843,-27.91546194903552,-22.38575300923401,-20.88468564840735,-14.813763303248138,-14.201297525547727,12.569613367906213,-26.67771617057061,-14.948257149556243,-12.392857428003747,-19.725001884404882,1.4283513636332683,-37.108562764476325,,,-16.047274065739106,61.80883061588715,68.62550632902342
2020-08-31,-10.370759089735001,-16.432134006704104,-15.236071817605124,-22.474915960810428,-20.506890457566,-0.9030084846358709,1.3695555957359349,15.605799948863226,23.58919017718756,15.938122434418162,5.691217565324693,11.531553159415024,-5.802033393492718,,12.07753519165131,-5.82558072523443,-22.708296243491173,-3.4814221941592582,-13.422483284280496,-13.9226682243132,-10.07472917736967,-4.499105798179624,-15.083538257121765,-36.26577567331125,-2.674379211377089,,-28.08643043089562,23.13072329420696,-39.772213041736485,-39.68283708246766,,-14.907174137363674,-8.547168130047533,19.812843695943403,-9.21225860361524,-10.229973813992224,16.171208814859643,6.4077740686997435,-5.721731451895722,-25.02061317519847,-19.065633372526307,-16.430315014771804,-12.84560601723523,-13.195205265106297,13.45838662218162,-26.108856470522106,-14.413203524157552,-10.278739586266825,-16.574234022348268,-3.703675985250004,-38.4930541796362,,,-15.330152516351234,44.59137432118867,43.13741661665868
2020-09-07,-8.56687952213697,-14.41334862405825,-10.404175292347343,-19.14141972581588,-18.060647651628535,0.008094381163851333,0.9734690895931892,21.455833623301874,25.303056692347347,18.985252099984645,5.813553428188258,11.89456880541335,-0.9573745732932607,,14.460913787646804,-4.786555847533664,-20.59194689157465,0.10015422527519628,-10.516143837941929,-10.955117419848332,-7.022531758176348,2.1125583536243546,-11.176492891592616,-33.66128010475569,-0.5414148445966995,,-24.074294572613052,30.552705930183667,-40.220268136858394,-42.12756617107644,,-13.72314636937418,-3.347573486294885,26.229235576828696,-8.085554218031357,-7.42574031189569,20.496567547233052,11.507732117739442,-1.180419429861324,-19.08641457087004,-16.429152642053495,-10.766533017718908,-10.209526745243771,-9.928868016591993,14.299499482908262,-23.313559098704864,-8.985959749146557,-5.050420669065612,-11.799628844980486,-5.879677092212947,-43.365219750295545,,,-11.747028440461404,40.26212770350356,29.490102406982516
2020-09-14,-8.308856660966399,-11.050021381075593,-10.069068040031192,-18.602938104841265,-16.805625391250807,1.8350682312392883,0.40727061300683254,33.42930259170462,31.40495497589472,19.077824606726633,8.172106889994891,13.470185139614593,-2.838138082591908,,16.82496007716059,-5.676791315019486,-19.59855868476314,-0.6060380583723601,-10.873060284162026,-9.391267129906701,3.8302720000700554,4.229092100770055,-8.84186054648572,-31.437130539635845,1.5272476234877044,,-21.67098841774501,36.474200375593966,-37.04162852104238,-36.89927046957406,,-6.643480611399209,-1.530533821834505,31.5902490300366,-2.0978731209181185,-3.803931421918891,21.922095716540042,12.449999448133262,-0.12584234600404173,-16.627029425360863,-10.95881210798339,-6.333189940860409,-5.0160949212605015,-7.795926507593904,19.6977890499623,-21.892343128696968,-6.920321157997248,-1.9548878478114262,-9.754975932684719,-0.7168796879342525,-45.44248038027653,,,0.8436106713976482,46.72385015203049,39.60414978061878
2020-09-21,-9.535059899886434,-15.424642453088847,-9.971562452876354,-18.60094678991271,-19.181979325190362,1.2520411590208118,1.1756050041004398,29.152929163431818,29.938811272463294,13.708360075870699,11.251951869451931,16.805447244646647,-7.876585235429835,,12.11805070328887,-6.802806710166251,-23.631565858862185,-1.4193555074256652,-12.284624729733027,-12.249269075350067,-2.220558177839655,1.0692920280628126,-11.91192627074586,-36.290409207945686,-2.3026521519406016,,-32.12314458794252,39.70443962518342,-43.07240415366573,-43.24647418796765,,-16.258975732026258,-7.027022193074457,16.703554701746352,-13.173599164029765,-8.877979676041479,2.565001224543371,3.2006759904314035,-5.529881044256441,-19.475885949563562,-16.196125939916225,-10.41253954766387,-10.007331689778976,-11.556155832678128,14.058324993126389,-25.46535508036297,-10.668388095497763,-7.0809896621335175,-11.002607676203626,-5.752089611974053,-51.75145533426605,,,-8.11513415818685,27.210955450040004,39.423358720249354
2020-09-28,-9.14032025757264,-12.432646642349667,-12.290291517930829,-16.48780469396857,-15.611385606515798,2.009028323965736,0.5022775338360803,28.112501572036862,28.988759213734344,15.201380442622167,12.696375102850219,16.873945731540747,-3.8677353553015985,,12.160333396590167,-7.027978286688372,-21.435903174854325,0.33682515821256603,-11.648294686778264,-12.255512966452951,-4.082121176261424,5.881609239813369,-11.367379344077461,-33.91349604833691,1.3063468956101574,,-32.815360075928844,57.02715364362811,-44.51353299170203,-44.04183500706418,,-13.258361806424713,-6.728000040884538,19.306132110253994,-13.268474333880523,-6.56505012648473,4.65989428177677,3.051525611046152,-4.852119203455462,-17.48203770843598,-13.240417275758434,-9.397355397593051,-14.097823883099528,-10.223020123254683,16.849379207419663,-26.519557118475166,-8.646208036911277,-4.875136050741132,-11.73487001416092,-10.024592745494738,-56.316156385044934,,,-8.68987762601179,21.320532244566063,40.040493724250794
2020-10-05,-9.399957266885362,-10.312886512088818,-17.191205026579198,-15.867227979924953,-17.50537102445257,5.070608701783236,0.44003258850321214,40.83231177119217,35.80443719583178,19.28101406574631,13.313103162861065,20.257945285226626,0.8023190461279803,14.00430106067021,9.633546627312594,-8.885565516948793,-21.25523382870523,-0.5097093924359826,-12.877569419961812,-12.401695759484403,-0.14257858804368548,4.942744768274642,-11.270315548036418,-33.13521061593109,2.4058156917919,,-16.387016598189792,67.99188722620025,-43.16618854409453,-41.14979859804425,,-11.628160416076527,-5.864439611262286,22.813380760031194,-7.0617666510160495,-7.899211005048687,4.980917661781228,3.0414074498402783,-7.534660512309643,-18.08560143994346,-14.350523503605416,-10.36476469473303,-18.550928016480125,-10.049101382041451,16.87140649951493,-27.718900596755912,-8.180613338078876,-4.2324647787205905,-14.075005493827069,-6.334370603992452,-42.04473205893905,,,-1.3062132196560554,37.22091400101485,47.607911595579225
2020-10-12,-9.5719384398315,-10.644546855436158,-16.882036500057882,-15.282532351259913,-19.30904965126052,4.082764878384032,0.376393750369843,37.86499679994455,33.34622301887336,18.25936106831195,13.956365813880083,19.81669086266351,0.6447741765916051,10.903238161735533,6.747295312957428,-8.649236168112324,-21.864697852389124,-1.42944873277797,-12.560705828505132,-13.106125562326243,-0.6901316329043617,5.075009450471189,-10.40888726990982,-34.240137133317354,2.3036306505857085,,-17.73605635549861,59.5267413522058,-43.631097887592965,-42.11439757648565,,-12.077635135939431,-6.524156572028499,20.854683478812465,-9.753644990144224,-8.786405219652224,0.6633265144428501,-0.19144528905489774,-9.484521968973066,-17.568289327306,-12.124692532654578,-11.590840539809014,-21.68588925501005,-10.773953933719067,17.924085903687335,-29.327799853159426,-10.20481172691636,-7.031404509691735,-14.97766543655152,-1.3668184681536717,-46.3037842354579,,,-1.522834165392398,35.699289917708136,47.287110707391705
2020-10-19,-8.731083308408984,-8.74508591116417,-17.53244359647191,-12.923031113315906,-18.951532378354447,3.771289209754515,-0.8149840700129415,31.18239190825827,28.834134779162913,18.184000837848707,10.887341449757086,15.948961779687792,1.7907312524375476,11.442217919076223,8.558275857493463,-5.420910674413944,-19.424268534971823,-0.12522431941942386,-12.261211606266805,-11.94745560849277,-2.17057557682588,3.640225999064751,-9.321191832311072,-27.64262577245904,3.944204674760226,,-6.805580841298772,53.74953738010221,-41.49705717460223,-38.35236878938932,,-8.990504312910073,-5.480374087902858,30.26846919368684,-7.12270802887357,-6.633041898180643,4.29852960255574,-1.8370430840008711,-8.26318838778361,-14.494334062965686,-8.7780322401346,-8.086351220009885,-16.018746940383064,-7.8356559444898455,18.130667187315577,-24.92924666476038,-8.25994700782591,-3.159237028842906,-12.918352846059165,15.407056592786178,-30.640725221407056,,,11.756861782506256,69.67522099339189,84.7575796159022
2020-10-26,-8.487349299623878,-8.791543465464331,-12.785938758890389,-10.760174666117814,-17.183245478626144,4.382384241130641,-1.735260821539996,28.89520544604796,23.78809928144736,15.080705423594814,8.417406778834744,12.843943978040361,-3.532004534659145,14.117028062955436,10.358470853909507,-4.369452966278706,-18.639636084737198,-1.0551717504997475,-11.180493157427705,-11.785286052403322,-0.8175949876457702,2.398678475035313,-9.670869200945688,-29.257446084833326,1.0189844775817187,,-6.041185204766811,54.99017160590214,-40.3176441449829,-39.80619669733597,,-7.387042963537711,-3.8331574106682775,29.610230055124216,-3.5622982169595425,-6.794257156240197,5.830923669111657,0.15301798228234442,-4.232581328087251,-12.105385583250182,-8.352374742170518,-4.143800102380533,-17.931927354005175,-5.434372509121923,25.326726446469287,-27.08372638021823,-6.268194391547148,-2.20790878042833,-8.97111654801205,30.132597902455437,-36.87128043197937,,,7.67272434708267,48.355082614506884,52.61436072500052
2020-11-02,-9.519863366008007,-10.015525575247198,-18.767383000791003,-15.3134645009809,-20.11393134082907,7.651364153423179,-1.1556732469653286,29.652817821311544,26.580652197051354,15.254070570559145,7.965212107222351,14.347707403116457,-1.7487562721690737,12.755742625166992,9.094707574457471,-5.358004694446672,-21.096837985559336,-2.834364293454772,-14.362384313864737,-12.123617829509818,-3.2412461891426596,2.718085983746128,-10.527669878463023,-30.521693751733363,0.12180125296547284,,8.069777045284738,53.8203567880447,-43.68016209667565,-43.5885647814231,,-9.349931094423788,-4.660540998161639,30.511303628134197,0.6930508713705921,-7.630180164355617,4.328026444898624,1.3003271866713013,-8.583644356657691,-16.601360308866337,-13.914943006603158,-7.815825366418258,-22.758767383070776,-6.574512943396896,31.137561804837077,-25.140685912553078,-8.278426277750034,-2.6135860931852752,-11.24477957913707,35.17181562774545,-37.89246010804212,,,10.074403282231916,49.942697300785206,54.41961075946152
2020-11-09,-6.712804048048304,-3.5450530654526724,-18.675653174902436,-11.770526307232476,-14.844350847355283,7.637203245069811,-0.9291516740143653,31.45979873912693,23.00709975309275,14.694213080980518,2.701837184565735,8.544193951021825,1.4806131886750262,7.020509813751468,6.493505357432043,-3.9987284018563862,-13.298114525215254,-1.6789926547105871,-10.250606834747709,-9.520454378460668,1.5407837140950282,2.335927418264421,-4.586178789465712,-19.19779421236467,2.594859976254022,,13.071908839589666,48.6113148297175,-32.44585142627385,-30.5061112283627,,-1.483764632284894,-2.3485116218567708,37.37160255827302,7.057946224934521,-4.647008477338939,0.9108985935186337,-6.56919717605229,-11.001399503326013,-13.8004962820335,-13.694173338089724,-3.254973322731173,-20.217696831529352,-4.906547217520678,30.944629537602303,-19.73270847320437,-5.326140565649117,2.739269262051101,-7.57568407053759,38.13189684432792,-34.350405229325496,,,14.830798241872337,61.629670522901904,52.72694395722339
2020-11-16,-7.270245419418261,-1.035711582663747,-16.894590165503757,-14.836066546247984,-15.716220456398688,9.276093539219598,-2.0315934270583913,33.973850303903866,28.3540373422476,18.678094637284733,4.759323628633032,12.425836191272733,3.974301091279484,8.296974845572375,9.838881980923938,-4.310889255086918,-12.196600377468538,-1.5745225449447713,-11.356592026779792,-11.982884101514953,2.185460356487936,4.340024475945283,-3.2692677688326004,-15.411069603106304,8.112183727699227,,9.732481508150046,54.70319945160337,-27.42450477711902,-24.74294570590617,,0.9257697298204024,-1.1508518336743847,43.59103631111464,15.215308929338226,-2.26972456867769,-2.0063940578830484,-11.902117124597826,-11.818090440777643,-12.15449766684576,-13.890245369048863,-1.1194812560961827,-7.197840857422803,-3.3025113428967274,34.11898415551961,-17.726672944135103,-4.639612774340226,4.221811893122027,-5.291671661933272,60.80452058127275,-19.9376304082873,,,32.13670198051116,134.95886590252314,111.2337375955307
2020-11-23,-7.5203706296868456,0.31614461568747515,-19.65469134653456,-16.458645582286195,-17.833029432640174,9.425052221705663,-2.790925569175499,34.07048432283167,31.491349672409868,21.186000304820276,5.392363169700769,14.035637988517813,6.142954972967267,7.998840167777726,9.21278202197347,-4.2979541056688015,-9.856199392908275,-1.41586648559898,-12.891753390323984,-13.582101082565137,3.5450756583172676,2.92737332069965,-3.175890509270395,-8.856507609817069,11.69276223719343,,30.289973235473518,61.77084195049268,-22.01595382094886,-17.253713026615998,,5.428342654474706,-0.9612728245407003,53.24765288138741,20.544023058578613,-2.0647121861319926,-10.32728812922698,-18.23941578804051,-17.992215754600377,-12.662682686728791,-14.90316542920118,-2.746357334955543,-8.562048011425647,-3.762903066219507,30.371089683983048,-16.726403359465554,-5.551918330943919,5.783285431728351,-5.396266696488781,37.17565293975459,-16.247736961359955,,,55.51293042610362,130.23821597930436,150.49563772620928
2020-11-30,-7.556888089875452,0.7452693973792859,-23.517708319276228,-19.347361699628518,-17.844625400607466,13.665645373333177,-2.168065570521836,45.96520652510584,33.58129340707716,20.195069304851252,3.3799340903897077,13.265743965823493,9.771542840168147,7.083878639426404,8.978538178340695,-4.1257976568732415,-9.36416271569785,-3.387834124089196,-13.339707386212691,-12.558712950407758,5.036010109361413,-1.0299497897256784,-4.2654038675190655,-5.713706910995615,11.228978919253475,,25.718543147881856,48.86914434073142,-18.820799752172825,-12.925844163412645,,12.077365337405391,-2.570658507052585,58.41918118159983,20.01271475622668,-1.184723785957931,-6.5697882754533365,-17.308364469608104,-17.3458203007769,-16.123412946502853,-20.090132506150507,-6.468779731840553,-13.500822567192108,-3.8175433216903247,20.91479853858265,-15.057339511824239,-4.334403777267805,10.518214624913188,-7.141030908558868,63.089299896254126,15.952580395625882,,,81.59064032194846,240.72767233634144,195.73360419177956
2020-12-07,-7.4415946721825925,2.998154653239999,-20.97763318841339,-18.44897569573574,-19.026759201271545,10.672974339805231,-2.814920912700831,54.668649014704926,40.45290830809448,19.16447212329359,5.091119571420004,16.091880593426822,8.724640963046031,9.411658495364765,8.176621107998987,-3.3083770115593927,-9.581964647474377,-3.5777804271220965,-12.693360664055984,-12.212256673152439,10.31119026212664,-0.461289986009659,-3.5772599993982865,-5.716880116401283,10.385553565619992,,17.46058820228478,51.97435459581858,-15.7895511560476,-8.451310724196757,,14.299995317833902,-2.7440006617527746,55.334357305938056,19.63887319736221,3.016944669483479,-6.79509513780112,-17.094090253179395,-16.500583689730654,-14.158643888287404,-14.316763434922478,-4.841450773545247,-13.947248335493894,-2.979402780454285,18.14205072324703,-9.697620241854054,-1.9042774273555967,10.640734600789427,-6.225928596144391,43.97164138195448,9.379393931736193,,,57.86737747357029,183.5414443534379,152.17954023347366
2020-12-14,-8.668965773293477,3.0077211408836244,-24.20068388626135,-20.230135922118286,-20.436043481906637,9.568842877245274,-2.661976632243327,46.069072814587194,38.34972895508226,20.650364067434783,9.461934179253934,20.858519096254785,11.091851500344788,11.986525663601682,9.531220415844272,-5.692582078037038,-11.347827517948472,-4.018317125696081,-14.072803082561597,-13.40691459314731,10.757968750530983,1.6605445707816024,-5.796872895553292,-8.654137776057718,10.798751994594452,,11.78429049257224,65.95666326456913,-20.24319624181654,-13.349085014098506,,10.124610641032698,-3.5664441304149475,49.65926271128454,24.074280033856425,4.022078412090801,-2.2071535351362757,-15.929431035282843,-16.885220188149052,-14.224532931615522,-17.15616573322489,-3.4429106625345876,-20.174172890933846,-4.908804295461299,17.12092813846258,-14.646597898221565,-2.3440808412948657,5.923444526344452,-7.711127008857743,95.246147478523,61.487739522078535,,,59.6985362831474,203.16099501361998,343.3089410368465
2020-12-21,-8.793583934259768,4.882433842670628,-23.763674905007274,-21.339141570198255,-21.277655314772804,7.831045469584996,-2.3849490550214436,55.74342477802744,42.15959749588685,23.630978617809046,9.755656041007388,21.88367560472597,12.993025301788757,8.785725315754538,7.6521360919039205,-6.965598982727626,-9.483858954524537,-5.4396842532332785,-15.486213856959141,-14.489891029837832,11.876369598501304,1.3752931535303652,-6.503355535477068,-8.910390317587224,12.757039119610827,,11.150375300315083,73.58848766344131,-21.699071271798243,-12.79698941942378,,10.749724043877086,-4.481091942468938,48.82985612399398,28.1843311398704,3.186260646205947,-1.3617286376224458,-17.37253359311803,-17.023429544914155,-11.98866610967428,-14.99792269415595,-1.367885601326904,-16.998130629842393,-6.402626572527326,15.686128691350824,-15.55453589477675,-2.1448541476292418,6.8855908531841505,-8.66651583932789,77.18144773877262,26.86830720956717,,,68.19188069358714,269.48494562440317,374.64834524303774
2020-12-28,-7.719805129305814,3.046627944534094,-23.813178084717435,-19.350649432443156,-19.75055500860587,8.707735352767045,-2.247908587339408,38.0944465067833,30.76014870464643,21.39741626784076,5.991822174765581,15.098681206981942,9.871176577061282,8.31078008769803,7.665599760414183,-5.594880088725658,-7.671971398824229,-4.156923028550585,-14.682560439149487,-13.145707300212905,4.17885441443475,-1.9605765004851556,-5.986645796464428,-6.938573932118464,11.213369632416963,,6.083198027288814,69.18639416252081,-21.265623327528623,-12.442293192218369,,13.192040795114474,-3.7319162018209817,53.67032086059186,32.99689559778084,3.449572289558928,0.4213935141468923,-17.81889540378389,-16.44320002058795,-7.17749911977221,-12.983808057264303,1.1274679007806405,-17.017981325466465,-3.7316086586287893,20.97151503459384,-15.014825860506924,-0.18928784991647027,11.274010738769375,-6.487319229600059,101.2526762352647,18.86374439504454,,,97.42932211909502,338.59025289472464,318.238321450953
2021-01-04,-7.893182175949548,6.873484045237245,-28.307691370757677,-21.04641645349433,-22.891420251790628,11.687540383775286,-3.9241971168408796,50.499301593284805,44.10104091755318,32.07829713358134,3.386936303237642,14.047464448612109,25.260226197114434,10.32466416349508,6.950664653852794,-7.535527529004699,-4.755349059800182,-1.66167074670908,-16.912402935668027,-11.890577481565874,7.706298611191801,-2.304133578044183,-6.563980488298972,-8.231413361707803,14.877177229858127,,27.011458367179998,87.1567842167828,-14.65360488852383,-2.8647412557783483,,20.19045547655492,-0.4597090785279077,76.6687265048084,47.708716019361475,5.257856008770262,-5.557854641550996,-18.48028703994129,-20.45973545474709,-6.823550857805221,-14.538640057829157,3.735170596198209,-21.279580559317758,-0.18104193054287737,25.404657889521303,-10.333349594379548,1.4066138607601903,21.25211496214307,-5.988484217511315,162.72975940534536,1.780013108652187,,,155.38790270810145,495.63454799403314,762.8751885017012
2021-01-11,-7.463328846954178,10.32905982314199,-26.55304521275862,-18.225059260148168,-19.505594004467632,15.166304557768107,-4.799131804954219,53.16732555743028,43.753319161684615,32.7067268069681,3.1707833589057253,13.416283473628862,29.189007144130453,11.231272421967974,9.512426131864643,-8.863088580558236,-2.4930402055813157,-1.7495396789031292,-16.707009693299643,-10.505994889148285,10.587654192565015,2.5547967658251625,-5.398716432951006,-4.852602281921772,22.75997234734829,,42.601969620405924,67.2877474579509,-9.275035729894801,5.5936147378071395,,18.484791337490933,-0.2756540090981264,71.93742568163326,42.85146122490471,3.9158158299925847,-6.719520171526196,-21.523810406657514,-19.938706653570186,0.8267277826217586,-9.266424518381234,8.414933381648003,-18.500148196866288,0.9188476140369816,21.51062382907089,-8.397877979985797,1.691147949476732,17.731853559064085,-4.953594389234746,129.7406132147576,4.407554956756593,,,172.41305690348872,429.08217953156543,552.8656354194655
2021-01-18,-9.076000376044876,8.240812637905961,-29.1258449136204,-21.01649763354026,-21.050552426226066,13.049487658786079,-4.6247556933555725,48.05605185415375,40.21031723415726,33.306282257675576,2.5953870446554435,12.681787826047941,31.6307554365637,10.735408155312827,11.884887208254415,-7.508309880009634,-7.464815030760164,-3.1175802306021834,-20.22639344096284,-13.280043645973166,6.468877154603858,3.582013884578098,-8.96235480490847,-7.159177703065421,22.05869364470979,,37.884409246820674,78.08941835331098,-13.078793660965626,0.7794248074600526,,11.359333186007483,-5.237898320349174,63.350707214535184,52.23040810443763,3.001359034542627,-7.850711240300014,-22.95647511000158,-21.658506435139252,-8.745235073583467,-17.04270882523569,-3.5189024032528002,-21.615462737648123,-0.293520775289254,25.49693181035068,-15.10348128872244,-1.1399997928822878,14.725851173492199,-7.7087848600903595,89.34179553800288,1.3559711198173163,,,152.76082386399224,284.38711698539174,368.42148024440337
2021-01-25,-8.539786313331419,7.452055663533683,-26.205635565667674,-18.371885944226875,-17.617128167758626,9.914259479660272,-3.964834764375178,39.42916510279383,35.10989556855527,31.847125903904494,2.004098403264817,11.096285514988537,34.26389696827285,8.620984407236007,40.64028170413866,-6.644735064000619,-7.760227623764031,-4.222441771959357,-18.11114790526534,-11.770946680352063,10.189922759046375,2.020438606586262,-9.097858772400498,-5.8801032801626425,47.282129747064914,,67.9014088883072,62.71115067758279,-14.581519946956458,-0.18150365399986473,,8.343641015809721,-6.487716192825984,47.66467823668784,43.00700751345904,2.33810219903326,1.684064147882262,-21.678838097366167,-19.221863585883302,0.9710051887262794,-10.912962790766908,3.4319714421539285,-17.75449669806427,-1.131594035533368,23.021734930744657,-15.31894429280762,-2.655137534600562,11.491779046812418,-7.185565751091909,93.80986028803297,9.812406008839455,,,169.94939996583932,264.37888916618687,399.55498345766216
2021-02-01,-9.319299150230535,9.511048779470253,-31.79430249529318,-20.463618053267172,-19.015180620586676,7.374007411665582,-4.805409528285403,38.51428522585912,36.95357622864654,34.83487241973568,3.0844191639672744,13.743305660392316,44.45138739196298,9.843781484894718,10.708538398295428,-5.729902424440526,-6.392230251978102,-3.77846751145912,-20.206811589645586,-15.89664078351595,12.992714994846313,1.754103652712732,-9.397289346404694,-2.582721809029785,23.99463423408353,,68.18775730126767,62.140805386405006,-11.487207652428618,3.666320738529231,,9.266315765807535,-7.863754754525953,61.820596244119194,37.8898028151959,1.5873885076409855,-2.9592520433517087,-25.595107718835564,-24.678521805987046,-3.9135016394549758,-16.830739603646357,-1.707212693223545,-19.030548549439807,-1.3905783388704989,23.35304403811885,-14.510243749417118,-0.5906910578139667,10.747350866114186,-9.193011616418275,95.56356475557793,37.22842115876664,,,217.07134914587257,265.49649444126277,367.0430577205411
2021-02-08,-9.372335372461885,10.522416372278258,-32.70743229916274,-22.247121591264783,-18.731295513406778,13.853000059789352,-4.069092951129716,38.13156927346735,39.295552799607144,36.22623021910684,2.300803982717071,14.381086029084312,47.390203398645795,13.791720113991007,12.696386971639242,-5.006890601931417,-5.414781648279398,-6.251593470861453,-21.084749051212846,-15.75035875087503,9.181210732419522,2.4729067995547642,-9.078703252083127,-0.8178670126277031,23.1451920290056,,54.12633701975123,62.983695676980645,-7.548440210932898,10.914005596164207,,10.766107477517481,-8.14883491627542,54.27211251799484,48.956334104155715,4.6429256325580095,-3.4158984039461813,-26.23774645101282,-25.09316009521018,-6.372570640596262,-18.17081261585648,-2.4259149268115827,-20.94402585107957,-0.06952660262564221,27.343446911126573,-13.634027779102576,0.03557285387956897,10.108460967244802,-7.3969969638835025,140.24856455530653,39.66472621629649,,,276.34824067546333,561.0080825349536,581.1956057181799
2021-02-15,-8.1990612222254,11.353032635845846,-32.62761200295718,-21.602008173657474,-17.17670664661039,14.925634386108507,-4.222123512765758,33.081172765280826,36.24433991081635,33.73647563015629,2.1979276388688476,14.26939545594369,38.73005981870701,12.11880275009101,9.456140602568352,-3.974908904306145,-0.654106057425728,-4.981027532770974,-20.067463354405756,-15.978355614645293,7.184073937447014,3.2290038337650997,-6.432579731482958,7.127685357683211,23.151958189686596,,48.4515344061338,48.93147067527099,-1.969924569968742,15.733686287358692,,15.539211458680743,-5.520394092037208,84.03876771347069,59.88305166963441,5.41411559993523,-1.808560325935196,-29.004080364443023,-24.952497579317615,-2.6539524030712665,-14.445166573311472,0.7146334209952069,-18.70439166482861,1.3112765787861709,26.31669475615223,-12.48069825221539,1.2973263915862052,10.588403000471493,-5.857342513847136,172.19661784727566,53.05292892920402,,,237.69304182122553,717.6398754603028,576.7249064881486
2021-02-22,-5.472806842443641,13.318439556573464,-28.405579860791764,-20.830296741544284,-13.748973362682634,14.27108299785848,-3.089911759908469,20.353325574206597,21.06804579461014,23.745604781297086,-1.65138451816979,6.163925518209373,29.147037595914227,6.443686955960949,11.49785343113317,-0.11617992652710842,4.585316838011685,-4.943635056745197,-17.383014996766242,-12.493476777033774,4.55584920755037,4.479150863882509,-1.6794605556536297,18.997430501706557,28.671495132874025,,30.83723975387886,41.20665575059961,7.774787493430749,25.704242829716605,,18.482997939467076,-2.5085962266494213,71.30474642262892,52.17371097497864,7.128621370728948,3.0155950117038746,-28.98234102584174,-22.96008301141954,4.56165141118669,-9.512565349549707,8.120208578336959,-8.022045093136771,-0.23650984314839682,16.224637164895324,-10.563784648295984,2.62375183506704,9.769851381148593,-5.074957128100925,111.157236614359,9.407469321857151,,,165.50852660119307,378.25894285165225,352.5275154967749
2021-03-01,-2.4610400398414383,15.055168272336758,-27.864823077313282,-16.638171692384162,-12.526521756726911,10.37329936261342,-2.289011413647988,10.894379033052362,10.056097986799276,17.213653674025018,-5.493781367307236,-1.3225857653440516,19.73659836590836,4.254522044173586,14.481749975537467,4.617749308401,11.548901316324057,-5.456752211153717,-13.082804465992734,-9.816323192105983,-0.02857770119648604,8.079253617012288,3.598444244300304,19.39265700590613,34.096977580783765,,26.226623166443513,22.921131952137618,20.773634650753966,42.211206250023956,,27.345757890972944,1.9574444066542858,76.15908334342876,42.241063445524105,10.999751872769275,-2.982122621925806,-25.736295244833563,-21.844773309242854,8.521232690397495,-6.496613170220583,12.928876664594135,-7.394612276540602,2.2512924201637774,13.082066389369817,-4.541294366900371,8.810821933030063,13.038875120113683,-2.702515471354744,112.11029877245848,11.741116423058816,,,117.30741403834135,313.9068858761616,322.59012186934194
2021-03-08,-2.6181288126920585,19.330037964384438,-30.33031311399515,-14.597443721943698,-9.424109042477612,7.774183159159678,-3.2976327594031565,14.931851147512068,14.493708345453562,20.693075990443052,-4.367327617352338,-0.3987403432154076,26.132531548883414,1.8352148459155022,25.503755197991833,3.3390876278800885,11.785509055911204,-2.3917934316509317,-13.148527882026388,-10.798541973074759,2.213657075690342,9.238804271495928,4.245370804318669,24.67554542201275,48.3722186571489,,33.470910816349445,30.729231290283604,18.34973755272413,37.21262582137747,,33.611339374883435,3.3335182725258607,77.99530268858534,42.34468059348873,10.423031668735494,-2.1464754766814464,-24.670272651068526,-22.26469965983589,4.4228434318095555,-10.150974454127223,9.24250824210513,-7.961649176795689,-0.3305896033803303,10.488153507304467,-3.098565088346692,6.201469608805858,8.237239751096466,-4.00657965203217,126.97086665090876,22.383418020331373,,,156.0788653304735,457.52363500582555,401.0917060273149
2021-03-15,-2.333713296079823,16.37820303219701,-29.233063693766837,-13.480037978215398,-9.028745726573074,9.601088724053607,-3.7513922435589806,13.593792478529911,10.452423228872377,18.719995597688687,-6.1803871165604205,-3.6105632701504917,23.55853914780033,1.9395951920583958,19.007960355300728,5.165296650399704,10.958845980012677,-1.8173163083134054,-11.386690708868237,-9.146696235374783,1.8542298606349177,12.645032337559394,4.847639167834044,26.69587182192292,42.20973222030064,,34.37963192059452,19.788550298602015,10.484298235031215,27.245882719282104,,28.211696599463526,3.193850922423575,64.0324457271291,36.33428546556033,9.349299699820842,-1.308787585118321,-21.826168631129345,-19.942899334335937,5.265219428214999,-10.732228486038526,8.556640874233604,-10.44098675639742,0.8248151970008876,10.641828826074589,-4.549224879146985,5.859372100419951,9.930758064856239,-0.4334348301610928,133.82588721670018,24.211810865999535,,,146.46914704547237,390.7696386101348,383.5459369500102
2021-03-22,0.03910057545116954,13.542013256802289,-26.807988238199904,-10.332429552747598,-4.708877935630927,13.54415963764607,-0.829205357990506,5.52603407716823,2.773176464481527,13.69499024078498,-6.630268370818198,-5.902445380030312,20.520445536726072,0.9120877379173432,19.15986092617281,1.4796472293001142,12.33633539611844,-1.4085848070453,-7.292031535887884,-6.53777443028105,-6.01571538058862,17.25520112604062,7.5641139266857325,20.899684309715706,38.05643445974257,,25.171753336675796,17.035724654880877,13.361253824473017,26.692882849183253,,28.327758310918654,6.133160462081723,52.572093685123654,28.9399958607837,10.970192269906397,-4.730976159032094,-23.476613755435682,-19.225099955555883,5.659880579767416,-10.378186382000369,9.068065786743626,-10.696412728142397,0.03156469266663951,1.6770229444622455,-3.8765406573840733,6.546465780174099,10.611507774051598,-0.36272971484853217,100.18713935511438,12.87794101481273,,,93.86024851811983,264.8111528399287,277.5732031649755
2021-03-29,-1.159333442033241,11.860480495679267,-27.27637172928662,-11.158465421029437,-6.03395303073799,15.3467198764544,-1.2413040989824218,8.028711943140445,5.486673115998446,15.242620088325415,-6.046351577410096,-4.752380717709781,22.403468679856797,1.2966395840562266,18.737101842573132,2.067001991258456,9.839548878458581,-1.886473508998509,-9.805257311732273,-8.817848461034457,-5.589423634062383,14.7342533832175,5.320549795634796,19.023898754356374,34.24904990157302,,20.990045562465365,16.14507810024984,10.353061971239818,26.073731644943432,,25.669892319645314,3.154507149244068,49.51636182667008,29.751332353241366,8.774150972998882,-7.8869498651334675,-23.068173524711444,-20.742031506564164,6.2385033312725175,-12.104616314022396,8.243955214742753,-14.563659829342981,-1.3262584268501405,1.7791084721577537,-6.700623055783862,3.4067000760073256,9.378796370424672,-3.962072018573436,106.93839736103192,32.313877569745294,,,106.70307101353586,257.1943026445485,353.5594482218005
2021-04-05,-1.3429642552267131,7.655833912603119,-28.465117155336173,-12.023510997033524,-7.833351572547903,12.813135623360965,0.23354858749905202,2.1364488517178333,3.6745941189083204,11.371273798672412,-7.637901913159749,-5.566214451943306,16.63699369696861,0.10118470811216632,17.495685982319053,2.1264081130204815,8.611213452720719,-1.1149266670565174,-10.733642985372875,-9.792017747686147,-13.07869172142159,13.874523617678742,3.896535191399473,15.920589157304915,32.70587496991805,,5.7965154685030145,6.316019476005671,2.8384491904768896,12.070174139294771,,18.520767026908107,0.7473079080250831,43.68397662684844,26.441213090970162,9.498128418811174,-10.064740972924838,-22.196747621348536,-21.793687392903074,5.731232992651494,-9.773696749378272,5.496521278640948,-17.669748626007024,-4.732863968144645,-3.9092401539283617,-12.067245242408426,-1.3613839541268804,6.521617450518235,-5.83963558252598,90.49647283725862,38.680618225377174,,,96.86729036307669,210.71991638433144,305.93605318067523
2021-04-12,-0.8667915318030602,7.2674930215998845,-27.32937696226746,-9.181018237304917,-5.912791885440919,9.569272436647074,0.24464434360237297,1.5833630409245465,2.819378890263252,8.863883758308873,-6.875020741695889,-4.560089037406461,13.311988398174865,0.26557494924439284,16.70829968143234,1.0250897866628594,8.240727215008448,0.014644736699430849,-9.999814497044898,-7.56280829683091,-12.551675869677076,14.114000691456452,3.4274229774216702,10.734221650694725,30.73910696833834,,0.1470294052805615,3.021218702269253,2.6077523403124134,9.60139796202602,,21.278468090634597,2.9129909007709,56.076807763775406,25.72337482475009,12.161603366836369,-8.219999545424459,-19.504299149354466,-20.468297322294156,8.32682926610042,-7.990587828855735,5.519135320909915,-15.75352188638558,-4.244332033269611,-5.091806400938331,-7.84573374096922,-3.5260243106764704,7.5272121948495005,-6.143179732498564,89.78812064161116,57.347206725701646,,,84.97586260983931,162.50684472010735,200.21851218466594
2021-04-19,-0.589307040575407,7.839883015616558,-25.858344347054313,-9.319726919993169,-3.363718589251817,8.081194226312645,0.11936942844348004,2.3074224522392144,1.9401172198538874,8.42917216119802,-7.085591634742315,-4.6494985974533405,13.299440353628974,-0.08033524892912539,15.591037347942132,0.8533603904649042,8.378921943176993,-0.8483486068915814,-9.620609514745327,-5.229685427961787,-10.273541362000858,13.835314003394092,4.02252896752993,8.502927227668131,30.54810412242394,,-1.2812053315410006,8.777383692703172,1.560387115087641,7.766255364283986,,20.3826195487285,3.4274584064395355,47.20434192986719,27.147351158242788,10.237323293355741,-7.59731368197627,-18.594544479284313,-19.625433017305337,18.090643702711322,0.31027475050724074,11.140584875318602,-15.026170733707062,-3.4394193978186833,-2.514580110978551,-6.154848082903172,-5.912975718598899,6.781009784463928,-6.777802663351638,54.15875823192066,52.93293835779773,,,60.28877036876806,117.70842977622449,138.32758023233302
2021-04-26,-0.05863294439292065,7.5195235974621815,-25.37713870192745,-8.321115979301027,-1.535993405705687,5.435492698954071,-1.5350688939159405,1.440175368663888,-0.5951155237830102,6.8097286695085035,-6.472158788056137,-5.409168332840069,10.86911527158223,-2.2638686955111718,12.321995274870572,3.399725668868349,11.2550756888332,0.15117546292060585,-8.797797883559872,-6.17615061002341,-8.093462107479498,13.954307746303968,4.5947586204611754,8.784927282886917,29.116772184880997,,-2.7293454176213316,-0.9944291027537173,6.211121372812967,14.149647936382397,,18.655359591293415,3.8807108753917476,49.53435583825342,25.93291175719039,9.451209614626736,-7.0254369920754955,-21.337093677763384,-18.97923862064586,22.833097887570176,3.8932613128325846,12.571060312384244,-16.532318528421737,-4.156293157914122,-4.39209283750683,-7.384169879395548,-3.295472763724928,4.243008081638622,-8.377133404467136,67.42368725475313,81.44302677474046,,,68.2672007597239,127.59765895838831,158.80896021083518
2021-05-03,2.781781564614596,9.127300340326203,-23.03009543387773,-7.421083385937877,-0.692328619229387,6.93551793192861,-0.4611172211512389,-6.447493974055953,-8.570563859266004,4.205579490995894,-11.298770485169753,-11.994796845309164,9.725328514671633,-2.759944536473079,11.90113222234909,5.317772456474139,17.2942451971713,0.9583675283375975,-5.636941656277845,-2.2383706869860758,-12.409227526593579,21.12605324746994,9.502926705085354,10.27360692612046,33.03414327098068,,-7.203984271351913,-9.738232254350047,17.253689895694947,24.901935827260214,,34.907620275519044,11.32763144176322,72.70361219448276,33.817498090412656,16.58467052309117,-1.091439491743308,-12.409487055441833,-14.205916085088244,36.549503885606285,9.45595716706555,19.335339691453875,-11.641895103459536,-1.4439247039081213,-5.746841699291667,0.5661533620862979,2.095147858247594,8.931589677067425,-4.485065637087079,66.33364707062674,127.70787203969583,,,57.69367149077313,78.52127633599159,114.5576569300369
2021-05-10,3.856639486763655,9.31425275680651,-21.56164274048163,-4.879279264389437,1.0262376015460757,4.572134465819819,-0.26969317332124443,-9.543524935642907,-11.226410022835726,1.5031355842933989,-9.934939318562144,-11.2534355142273,9.618212501492469,-5.761286201619762,8.599014496610899,6.186720251309902,20.064061923920107,-0.5654504281098015,-2.6594716282498343,-0.03257481758574772,-10.636768626259652,18.11723166072367,11.258308355784932,12.914440985613366,32.34179320624044,,-13.708949877715106,-11.322573539594678,19.82694480198725,26.985891810999306,,34.91059313275409,13.772288506718938,66.15406217740279,25.779277663818373,15.52506931078122,0.5440416247542644,-8.83208000754693,-11.05708940149869,21.180422412268012,4.2466163354423,19.44381929088385,-8.25226771057707,-2.2738283499076606,-9.1923729819955,2.638958786312695,3.631860484300427,7.50936088399077,-4.7888590798703365,40.80012217802513,139.10475441936904,,,33.278974474734014,38.95716706314655,56.98814192947766
2021-05-17,3.211034097233758,8.315996835999771,-20.77135093112652,-4.318221949231313,2.072417658792949,6.140794705481232,-0.375936210042322,-8.050220336189081,-10.466661906673522,2.4969488241932303,-7.961795696815463,-8.24352978794933,11.066535875574598,-2.337600652192447,10.432390422269137,5.528314281769106,18.633423603015302,-2.007611303588483,-2.4872961673105496,0.6791119989205583,-10.9018534981561,12.15604202785719,9.120895975767676,11.270244533182087,27.477668042243568,,-13.729400493510816,-5.004346363673403,16.98234864087313,26.99756636034834,,31.89573547585331,11.606780671984392,56.89498446290406,23.753071425311546,11.83337474710552,1.1021906196659956,-5.387460990864922,-9.226940788751307,21.915053963171335,0.9476150038665156,15.6310652889502,-9.09939691283607,-2.112675484004987,-6.07885870335205,3.2134201841682044,4.747359297506985,5.782666741140913,-3.491389727630599,6.050239676502614,53.476774411329394,,,13.221738842006342,19.15818458985511,38.00631397652322
2021-05-24,2.3780972091170987,8.510584435822297,-21.098910593224204,-7.1692916146355135,2.556454059444001,8.429984332644933,-0.7456959702789143,-6.4375275022418075,-7.433641117153698,3.9076948452123923,-8.08077557320844,-6.857593996789939,10.574738331154304,-1.2159138910938252,11.127621262142611,5.9588390898121135,17.227809095998744,-1.4662951868136047,-4.417652800820945,-1.7028014326129066,-11.525872386303279,12.98673770246215,8.929042726609362,12.783637966672348,26.90980596151346,,-4.204027331021979,-6.88053621687728,14.975811633818651,27.750962251802502,,33.56685067308782,9.953880652456707,57.406358103428204,28.528309188128148,9.117055276781679,0.18105634584363664,-6.667049842359822,-9.376791616902535,19.72508659461227,-1.1334281430690432,14.700054528976372,-12.515088472303699,-0.8856118880366508,-5.489861704300727,4.439163732509803,5.275600522360721,6.338762726363892,-4.218506369045735,3.2795876625041513,63.464616559214846,,,14.041886914498722,35.37965980322241,55.61177293853152
2021-05-31,2.551759396453904,8.575693641314448,-19.86771895513036,-6.903277004031072,5.3612444021427885,8.510483271685471,-0.03350837903726363,-8.829905589701283,-10.224362103160134,3.421074748230003,-8.983570029242928,-7.703668427466173,11.420018558510607,-2.2605006287411715,10.112844718557998,5.931807376601,17.770474218447752,-2.897284843977579,-3.6264554322963862,-3.0920616473392304,-12.574488475120022,9.888975078789205,8.43206870772795,10.140872616015901,25.861005491646356,,-11.395477367440213,-10.569814431278733,22.1449059935754,36.91046288918269,,32.14632929232711,9.97319319205812,50.03958069900057,33.43295002812176,6.64156083691489,-1.0034849834792015,-8.513570306372618,-9.963657221403952,25.166095008550677,2.3022889534883655,18.377322043644494,-12.549278057317817,0.6364635365730756,-3.697604458604726,7.49429336808301,7.094891402361851,7.497794213523422,-3.1032635443340144,3.9287327833539445,75.72614757449767,,,15.257550654167293,41.09280249206685,47.95588909519711
2021-06-07,1.155405851993476,8.272718694665663,-19.09085655264858,-7.234621769150104,5.6520283792885895,6.1974680272232785,-0.4158108156465868,-3.3820910751940527,-6.780543115526977,0.914201974321,-5.770813662626813,-3.365579285925098,7.1706535024806435,-2.1052602742567794,8.363921175691418,4.712540792952896,12.562779815019557,-3.3851002786389404,-5.855109028721246,-2.6872267261218243,-7.724092877331177,6.047917166670583,4.445917967141617,7.61442599876929,25.74971360384505,,-7.379831276790548,-9.395899252034663,18.995758358237875,34.77679495083793,,29.622861323631238,5.586083394868142,41.684139847390696,24.140324154605867,2.326770006638438,-2.907600715877738,-10.582619172623655,-11.736344463376009,26.81531315951693,-0.36927530458006597,15.773392623934038,-15.464693961638238,-2.3430640605363866,-6.485434837954491,6.355839042242098,4.5994616412356875,4.002478923288921,-5.488365350653721,0.5342235565429627,44.44695334294132,,,18.652581977498606,43.666901310860055,53.77235800910645
2021-06-14,-0.4327564582549923,3.832604281495088,-16.159482604520083,-9.410041927851088,3.582936068152931,4.247147700859923,-0.017690054730761157,-3.7230334342812,-4.527533250028283,-0.26664556566117276,-2.7850958225821727,2.059790383382975,3.666423611135721,-4.358758813147924,5.055258335668246,3.312027145013985,5.6415768490409475,-3.6405016470060767,-8.140777238318085,-2.8087901329305565,-8.731679803740095,2.468601381727438,0.692578062087399,3.1601264402717413,18.96025413443875,,-17.51961147726496,-6.788308593204208,12.832491834044243,25.65352180952811,,13.231144566109823,-0.7751687800880991,19.993958689847783,15.250119604441394,-2.3315510700675235,-9.412528927755778,-19.46665806359478,-16.39116851926464,17.217026299110255,-2.937120879983175,6.608642073885846,-16.67736775648513,-3.8595820152910285,-6.613059705594182,4.506685383026286,1.9310455326740483,2.308402746525331,-7.249135098317376,-3.4658516060758724,28.8558274146259,,,45.68132487825321,45.48388209347277,62.73469786869226
2021-06-21,-0.040658718379537356,5.684691282069223,-19.42575157732007,-11.310842773926161,2.147916224251771,4.262214953914988,-0.1435776509465067,-2.4898475321980613,-1.7994341221060504,3.221349906586637,-2.900764722160075,1.9360143873202187,8.304632393839226,-6.642031620513775,1.864482924675274,3.527428651567372,7.865756270418162,-2.6743115576352823,-8.821593993326564,-3.382303496031373,-7.21707274150863,2.713784714218652,0.8782058657772112,-0.14263961012691184,22.319274509823988,,-13.72806835102924,-6.121156769902891,16.091717367018134,33.370991112904605,,14.343906526698664,-1.4739055205655391,23.253980899144057,18.112208403610204,-2.258180928851197,-11.588237958432874,-20.139906402611636,-16.978481069214375,6.535102134699494,-8.364066408515628,1.3507174444300512,-17.85102343083008,-3.769739853460229,-6.029041666154778,4.1423059029483955,0.5466989978499744,2.812217223027511,-7.628835460641552,-13.190346138796826,9.703861021693708,,,19.057122245653492,41.892319257088076,50.524099980698786
2021-06-28,-0.23928014733376313,2.06522032334925,-18.481363952669692,-12.47264562997843,0.4531173317301581,4.488990042922243,1.0634597080723684,-2.5336312887868018,-1.8654056224557638,-0.33396521331546897,-4.219237088183443,-0.3186002503588972,4.259810309821857,-7.090729197640503,0.3278808743938814,3.3757640471616495,5.623726818938734,-2.74997358926501,-9.869802361507926,-2.9881051810483945,-10.053984198001517,2.9722869026026597,-0.19178773194483517,-4.309510569287402,19.123647910667373,,-19.882222976187244,-5.649509363748206,12.377838755111023,26.587156221624596,,12.49330867452055,-2.414344938587229,19.171510521651463,16.929267343583163,-2.913929097254553,-12.165802893569923,-20.78903060300966,-17.6560425880989,14.159218613720093,-7.589456134262567,7.797601247512788,-21.399686918523575,-6.674513555586781,-9.708460844887444,2.19164637784738,-1.5450170791442777,-0.4471669606615448,-9.816694857745633,-12.894743156816437,21.89547562290661,,,32.31053068433713,48.790277244636094,53.972174527883745
2021-07-05,-0.1835464643227151,0.2145348181938596,-17.119963565467884,-11.55194353125752,2.846309382201704,2.669712161965209,1.506368060075346,-5.373184538262469,-4.413324191327252,-2.4901947097637636,-3.8419507545516525,0.9807445261317055,1.9203846008747243,-9.471679932452261,-2.4137045284236107,2.2837345495643224,4.383757300026996,-2.339999172743581,-9.553476749660238,-2.7863138142621944,-11.934098215000601,1.3699540618297879,-0.4543937406141658,-6.839268649161586,17.931973383717683,,-24.032346287419955,-6.50669647846401,8.150774601085494,21.17081609478068,19.459530996656348,11.972698945635182,-2.616052036469939,15.301439438894176,29.83287355829728,-1.0613459645277163,-13.714399924976671,-20.328980059251343,-16.374457221685294,2.9697222123939016,-12.533367151493636,2.067113151585467,-20.10973518183023,-8.921948307610112,-12.221159761060754,0.10997425188993468,-2.037592816862013,-3.9807000220541364,-9.25444859843822,-16.741054601816696,18.507568174733898,,,27.854007608190894,31.071358080999527,36.53316959671468
2021-07-12,0.7605026900809442,-3.1830183121500197,-13.76463353068639,-7.13879114158565,5.653314453921063,0.29906242924063775,2.794687353044793,-11.394964330513165,-9.762535371565747,-5.847333969074539,-5.701644167755106,-2.2378676759782654,-3.7249697914771653,-9.347277260261421,-1.9345178961825378,3.1612226006633786,4.428175922296181,-2.8609157566140393,-6.338600376918456,-0.8051596420563341,-15.292335304116161,-0.03904682395816457,-0.21742190882048149,-11.360029714783963,12.614062541960855,,-31.32985620415822,-13.2919354310155,1.5011497618882568,7.882949253688169,19.350316896588147,5.99570323037148,-3.023364862942943,5.79390839220578,30.41572699541154,-3.638234482908302,-13.272808728447611,-18.966504143812198,-13.992364376316683,10.36603114369928,-1.2099122474818733,7.735278116665676,-19.941913011014805,-6.972389006662144,-12.633777468822071,0.5310849239076929,-0.4580063597468405,-1.8190159234686487,-9.02107254612047,-20.04652075941893,4.92354842461052,,,6.829593201982466,8.884087984739873,14.847110237199457
2021-07-19,-0.05889099625833918,-3.9188108910152404,-15.21063555740622,-10.046038255272553,2.979478327692088,1.4302887574431367,2.745107943184716,-11.135990340724943,-7.968285018113049,-6.745627447241234,-4.620595000432689,1.3891685965554446,-3.872038299625656,-10.538757473681779,-4.250491023888749,3.516809224878655,1.778194964456761,-2.691690635051129,-8.129724091562064,-1.2234497337383228,-16.965701251971343,1.7304481591684966,-1.3991361986437685,-11.578833094431456,13.21694097502528,,-32.96239106385176,-12.990545260346344,-1.5633556191535551,4.479080857745471,11.323123070200145,5.789502754178668,-4.925837927518082,7.9426838467441625,34.446029047670706,-4.610251338502961,-17.176128592154335,-22.108606980694134,-16.053295408871545,5.710575825813832,-5.5936237049993665,1.8437224646350046,-21.0404079636487,-11.166486645444,-18.526225898099455,-2.0084506320230777,-2.590761026867026,-5.201930363042743,-10.4994018347574,-19.773570778059042,5.350784218176468,,,5.61333836933543,7.145035281502435,15.867526625810719
2021-07-26,0.7258583273132155,-2.281788994986187,-12.991405597921734,-8.312520704240821,4.422033039621119,4.590936075231305,3.1181613691673262,-11.633265398425504,-8.884402687578863,-5.513609402732525,-4.73206384413525,0.8778764703366465,-0.9244137510736997,-12.304970782184514,-5.357333158505747,3.2263162864833856,3.480179762536787,-3.0146763048291128,-6.619505778087197,0.5453377137814267,-17.838911276709617,4.1471004724270735,-0.5379427442514644,-11.038434026813894,12.768785106184396,,-34.4846268279988,-10.009238952915911,1.3845858552819266,6.227081678145504,15.71496896687932,13.78831434822958,-1.1819842847413375,16.747151385242063,42.394258199280394,-3.431168604313925,-14.731558431576772,-16.282662698201772,-13.84313025344268,7.022145756298764,-1.7094348698708448,2.922717046975991,-18.081231763983364,-11.507173290603106,-20.679738706327274,1.299760514913802,-1.1606514352571973,-5.650173496973144,-10.273203561023028,2.602071013384946,27.914960698201558,-93.45445300237725,,21.79644637810158,24.36763939612727,28.633084964819965
2021-08-02,0.5624483065073991,-2.5086186466125038,-14.256448941941544,-7.0181269127192065,4.069931015762053,5.208389555892528,2.952863224885071,-9.951469982580226,-7.697638792352713,-6.77075112645152,-3.3526236579297612,1.9505503420581227,-2.021548216520558,-16.788014684220066,-9.573060419405682,2.5320884126418233,5.743649061023206,-3.6627421265704085,-8.06412268792029,0.1424437144860572,-15.978269824635074,3.357609819881064,-1.5213197119554567,-11.220722824246057,10.506890042141803,,-34.29865675346065,-10.730199879940187,0.4217769145159798,3.833224835787256,19.311148458601714,8.26805636979796,-2.1962047447214736,10.498645462551151,42.50210057355347,-4.902404773599905,-18.409141889952235,-20.41682865416532,-16.770457219804396,8.456130251933667,0.27312080136778133,0.9421790835656277,-15.867324642883851,-11.719525258096906,-21.163414621461882,0.7831051886833621,-0.20269259091656258,-5.12494171922728,-10.136792878986904,4.092124531808859,52.258019160279815,-91.01111937826694,,41.03852035004056,27.673448360888898,53.364955951333606
2021-08-09,1.353751535556701,-3.5964607785961515,-13.17370699598475,-5.0783994998478725,4.16432431470743,2.5796498684619524,3.1438015673149833,-14.914763715703913,-9.84424311089614,-7.157944199052999,-3.048283202245016,0.8584486381867407,-1.7305829325508342,-16.63626297924524,-10.547853149926492,3.01224120965816,7.461246337171058,-3.1910981314634776,-5.682554092326393,0.8432540004934226,-17.524831010220815,5.554524253788195,-0.14381759287142865,-12.309292218025922,10.634552100302537,-16.400223433426522,-37.841176312383965,-14.386789294161472,0.19453192676830605,1.1850816575836647,16.869065107986895,13.414732680846718,0.4504656892784006,13.07560466539549,42.14814812424776,-2.619884410012766,-19.428308517901645,-20.57928507831681,-15.23551773737302,10.06637604454462,4.589127642656609,2.0569770848875257,-11.02600139488359,-11.82018338586305,-20.455748710463777,2.7248527775646942,0.9804932167807081,-9.371295128397888,-8.850605719099992,9.637408120960982,64.6283139586187,-91.6665944206818,,34.506304940449766,27.931007741890983,43.54504049671259
2021-08-16,1.5049023265768284,-5.490311685512806,-10.714801642562513,-2.4417905264543758,5.521318227269599,0.6792302627869534,4.375853814720099,-16.987045242099505,-12.466804394982981,-9.289920911745515,-3.0462110712957244,-0.2901596960988837,-3.5870922890830346,-16.075639969529632,-11.609904302994776,3.1351006914214516,5.47059564938292,-4.453755264436824,-4.348195890115875,3.4454516633114345,-18.417002721978402,4.276576381897658,-1.7058584548812044,-16.020783995745433,9.138685629512826,-22.600218062436834,-41.9570346015999,-17.276245658684434,-6.298336852397207,-7.2487090746117255,14.260676681212784,3.186089046315852,-1.9350391946697458,-2.6344837893536948,28.923938814291688,-5.6635738278381496,-20.701806641639347,-23.970889445345062,-13.837821679803994,4.403271838130862,0.2925023394439938,-1.8966087809722505,-11.761910940057403,-14.761577817753539,-25.149123142026664,0.8355900055074518,1.7515688986175817,-12.642992041257301,-10.617270865571356,12.376784326187607,63.84226182759174,-91.42466241731644,,30.778532359589384,20.91031159612086,50.75286474767638
2021-08-23,0.29234257821957504,-3.5892999411020696,-12.990461679161122,-6.684843843633849,2.378657438639414,3.578782210140975,2.9798320633768483,-14.108779295359476,-10.327050823154988,-6.128081146989355,-1.271422532548427,3.2462786625848823,-2.757847036519127,-15.261045024385028,-10.022307943036502,2.6854368852366175,5.881495815516749,-4.6484914378386035,-7.79146469832299,-0.3203921046350065,-14.070706255415258,4.4989888691369,-2.208396638365603,-11.87484841846774,7.635328390292698,-22.806433237371156,-41.64614631764376,-15.221257369607354,-2.2248998511832814,2.2851885757244697,21.595986533861506,7.455206118939464,-2.0475013102179815,4.740019867510816,33.59348426523441,-4.44333812890605,-18.90790546515029,-20.897886577750644,-13.716003195047206,4.382299308103472,-1.7772251113020499,-2.41171496715246,-12.708933526380953,-13.318382843629962,-23.175046556343855,0.37192490343206797,1.6837962568645364,-11.794574483698868,-10.83740448238802,6.722432847656614,56.47609540401005,-92.4277799682775,,23.29683910671098,29.067097548910585,62.08052595384651
2021-08-30,-0.58197992122928,-4.486066163686867,-14.217020487831164,-6.458866594791375,4.997567969287691,2.2109097984572776,2.28049688717365,-12.973546579111526,-9.45547917658622,-5.444343633649232,0.3656611814980641,5.182441109968792,-2.0673721868546022,-13.01875859932509,-8.212298611362208,1.9712958969040073,1.622547191200743,-5.024467224204316,-7.450245688222528,-0.02503115163902732,-13.649089677399969,2.443071366464063,-3.867666279051403,-14.923430519981942,4.837881363348295,-23.526419978443798,-43.02982475767094,-14.72282591704785,-5.090418341629049,1.6653583043832236,22.483653135888417,5.748064028158053,-4.014254514276558,1.2497616770672955,33.18411502923354,-3.208269200345905,-17.57351734129414,-19.518258302495013,-13.823964197208225,-1.7440330005000275,-3.660833473513049,-5.328710616163601,-10.669524506277893,-11.808001489290987,-21.225619969282512,2.8055400555917362,4.578757205809057,-10.997290304014825,-7.152668238945729,7.946241158928635,85.5435296002234,-89.51322890519813,,20.283927892710267,11.25226336477153,66.96368422944956
2021-09-06,-0.614205901447205,-5.770003802170258,-11.84698536440756,-6.015678915429558,2.6557426961061283,3.2069161661486443,2.193615278804738,-15.127065826569499,-11.293633820126049,-6.632600553450844,-1.3462993070848714,1.9810172109999875,-3.2797500095602325,-13.548110886075076,-8.633309269290711,2.0977895882747566,1.682210012263029,-3.6255510444740584,-6.787063772384164,-0.9625706945499224,-13.601821936650724,1.673465329125521,-4.676335878049084,-15.737607187410985,2.873126821055718,-29.70409458314787,-48.31618337994891,-16.112676648860223,-5.404704082666132,1.6738670520182872,21.836734125094846,6.18806384777655,-3.938584866509364,0.21621861431692108,37.153217808092364,-4.319852487020574,-19.05533208975324,-21.73751924451276,-13.733031316467331,-1.3786966977241653,-6.853299003594859,-4.316598690818997,-9.731222109552064,-11.214738214395316,-19.611098825923552,3.546277520602823,5.26026347277972,-13.690785414300091,-4.098855894395897,-1.9908814994280555,51.14520815798386,-91.61261605479073,,4.183308690152402,-4.347402931697255,36.19771201126557
2021-09-10,-0.5648318417846515,-5.874131566908429,-11.068057398533599,-5.643065502287504,2.785021897328654,2.926300936899007,2.196833468912346,-15.079294463709134,-11.221207921385878,-6.736458533604887,-1.1643791017692027,1.9325300385310618,-3.569787353692418,-13.22241661828606,-8.594490206139058,2.0074526027055426,1.4398428618426347,-3.4274953587651877,-6.408286086974055,-0.8302988450805175,-13.387070005521865,1.6359849965921756,-4.605649303941192,-15.6459837816792,2.3548895668718814,-29.71171717955674,-48.17158902492729,-15.984921588506568,-5.695438331585044,1.0142825713958954,20.98207435884315,5.589518710293364,-3.8862175837879644,-0.5548334325163985,35.06332724583032,-4.3104046065434005,-18.552629259761254,-20.884953249337524,-13.046590136328886,-1.533319736282572,-6.583013962381693,-4.379182160692603,-9.203558481529864,-10.987449431744768,-19.322088380448225,3.4233831131818833,5.135552736796399,-13.595135707623982,-3.9108528126741064,-3.1249977197733427,47.520133193618506,-91.59080497701788,,2.737719403718629,-5.931413748676011,32.849767737295615
